{"cameraMode":{"drawMode":0,"name":"Shaded","section":"Shading Mode"},"sceneLighting":true,"audioPlay":false,"sceneViewState":{"m_AlwaysRefresh":false,"showFog":true,"showSkybox":true,"showFlares":true,"showImageEffects":true,"showParticleSystems":true,"showVisualEffectGraphs":true,"m_FxEnabled":true},"in2DMode":false,"pivot":{"x":25.614131927490236,"y":0.8664852380752564,"z":17.927400588989259},"rotation":{"x":0.0013482094509527088,"y":-0.9982622265815735,"z":0.023961786180734636,"w":0.054568398743867877},"size":2.4434430599212648,"orthographic":true}