{"cameraMode":{"drawMode":0,"name":"Shaded","section":"Shading Mode"},"sceneLighting":true,"audioPlay":false,"sceneViewState":{"m_AlwaysRefresh":false,"showFog":true,"showSkybox":true,"showFlares":true,"showImageEffects":true,"showParticleSystems":true,"showVisualEffectGraphs":true,"m_FxEnabled":true},"in2DMode":false,"pivot":{"x":0.609423041343689,"y":1.6532280445098878,"z":-0.23929551243782044},"rotation":{"x":-0.013610406778752804,"y":-0.9861550331115723,"z":0.10423371940851212,"w":-0.1285029649734497},"size":1.6119602918624879,"orthographic":false}