{"cameraMode":{"drawMode":0,"name":"Shaded","section":"Shading Mode"},"sceneLighting":true,"audioPlay":false,"sceneViewState":{"m_AlwaysRefresh":false,"showFog":true,"showSkybox":true,"showFlares":true,"showImageEffects":true,"showParticleSystems":true,"showVisualEffectGraphs":true,"m_FxEnabled":true},"in2DMode":false,"pivot":{"x":1042.4290771484375,"y":187.10968017578126,"z":576.5859375},"rotation":{"x":-0.00020767726527992636,"y":0.9933732151985169,"z":0.11493557691574097,"w":0.0017888664733618498},"size":164.60923767089845,"orthographic":false}