{"cameraMode":{"drawMode":0,"name":"Shaded","section":"Shading Mode"},"sceneLighting":false,"audioPlay":false,"sceneViewState":{"m_AlwaysRefresh":false,"showFog":true,"showSkybox":false,"showFlares":true,"showImageEffects":true,"showParticleSystems":true,"showVisualEffectGraphs":true,"m_FxEnabled":true},"in2DMode":false,"pivot":{"x":0.012253761291503907,"y":1.114314317703247,"z":-0.026503384113311769},"rotation":{"x":0.10845291614532471,"y":0.7751621603965759,"z":-0.13872313499450684,"w":0.6068183183670044},"size":1.675923466682434,"orthographic":false}