{"cameraMode":{"drawMode":0,"name":"Shaded","section":"Shading Mode"},"sceneLighting":false,"audioPlay":false,"sceneViewState":{"m_AlwaysRefresh":false,"showFog":true,"showSkybox":false,"showFlares":true,"showImageEffects":true,"showParticleSystems":true,"showVisualEffectGraphs":true,"m_FxEnabled":true},"in2DMode":false,"pivot":{"x":0.020271778106689454,"y":1.014628291130066,"z":-0.0314100980758667},"rotation":{"x":0.22742685675621034,"y":-0.7484957575798035,"z":0.3176933228969574,"w":0.5358237028121948},"size":1.5232930183410645,"orthographic":false}