{"cameraMode":{"drawMode":0,"name":"Shaded","section":"Shading Mode"},"sceneLighting":false,"audioPlay":false,"sceneViewState":{"m_AlwaysRefresh":false,"showFog":true,"showSkybox":false,"showFlares":true,"showImageEffects":true,"showParticleSystems":true,"showVisualEffectGraphs":true,"m_FxEnabled":true},"in2DMode":false,"pivot":{"x":0.23076558113098145,"y":0.09731587767601013,"z":0.8146069049835205},"rotation":{"x":-0.03572668135166168,"y":0.7801809906959534,"z":-0.044773370027542117,"w":-0.6229782700538635},"size":0.6322893500328064,"orthographic":false}