{"cameraMode":{"drawMode":0,"name":"Shaded","section":"Shading Mode"},"sceneLighting":false,"audioPlay":false,"sceneViewState":{"m_AlwaysRefresh":false,"showFog":true,"showSkybox":false,"showFlares":true,"showImageEffects":true,"showParticleSystems":true,"showVisualEffectGraphs":true,"m_FxEnabled":true},"in2DMode":false,"pivot":{"x":-0.08582010865211487,"y":1.2066673040390015,"z":0.24675583839416505},"rotation":{"x":0.02316633053123951,"y":0.976518452167511,"z":-0.16261817514896394,"w":0.139785036444664},"size":2.090043306350708,"orthographic":false}