{"cameraMode":{"drawMode":0,"name":"Shaded","section":"Shading Mode"},"sceneLighting":false,"audioPlay":false,"sceneViewState":{"m_AlwaysRefresh":false,"showFog":true,"showSkybox":false,"showFlares":true,"showImageEffects":true,"showParticleSystems":true,"showVisualEffectGraphs":true,"m_FxEnabled":true},"in2DMode":false,"pivot":{"x":15.272380828857422,"y":5.019662380218506,"z":6.893368244171143},"rotation":{"x":0.024692820385098459,"y":0.7263445258140564,"z":-0.02618824690580368,"w":0.6864412426948547},"size":0.2387627363204956,"orthographic":false}