{"cameraMode":{"drawMode":0,"name":"Shaded","section":"Shading Mode"},"sceneLighting":false,"audioPlay":false,"sceneViewState":{"m_AlwaysRefresh":false,"showFog":true,"showSkybox":false,"showFlares":true,"showImageEffects":true,"showParticleSystems":true,"showVisualEffectGraphs":true,"m_FxEnabled":true},"in2DMode":false,"pivot":{"x":19.39362335205078,"y":1.5063945055007935,"z":-3.13485050201416},"rotation":{"x":0.03482727333903313,"y":0.25125494599342348,"z":-0.009089551866054535,"w":0.9672899842262268},"size":0.3061862289905548,"orthographic":false}