{"cameraMode":{"drawMode":0,"name":"Shaded","section":"Shading Mode"},"sceneLighting":false,"audioPlay":false,"sceneViewState":{"m_AlwaysRefresh":false,"showFog":true,"showSkybox":false,"showFlares":true,"showImageEffects":true,"showParticleSystems":true,"showVisualEffectGraphs":true,"m_FxEnabled":true},"in2DMode":false,"pivot":{"x":0.01128891110420227,"y":0.7639130353927612,"z":0.32720279693603518},"rotation":{"x":0.02316633053123951,"y":0.976518452167511,"z":-0.16261817514896394,"w":0.139785036444664},"size":1.6554241180419922,"orthographic":false}