{"cameraMode":{"drawMode":0,"name":"Shaded","section":"Shading Mode"},"sceneLighting":false,"audioPlay":false,"sceneViewState":{"m_AlwaysRefresh":false,"showFog":true,"showSkybox":false,"showFlares":true,"showImageEffects":true,"showParticleSystems":true,"showVisualEffectGraphs":true,"m_FxEnabled":true},"in2DMode":false,"pivot":{"x":0.041791439056396487,"y":2.50767183303833,"z":0.36446571350097659},"rotation":{"x":0.026730623096227647,"y":0.9702967405319214,"z":0.1273602545261383,"w":-0.20412194728851319},"size":1.9603452682495118,"orthographic":false}