{"cameraMode":{"drawMode":0,"name":"Shaded","section":"Shading Mode"},"sceneLighting":true,"audioPlay":false,"sceneViewState":{"m_AlwaysRefresh":false,"showFog":true,"showSkybox":false,"showFlares":true,"showImageEffects":true,"showParticleSystems":true,"showVisualEffectGraphs":true,"m_FxEnabled":true},"in2DMode":false,"pivot":{"x":-0.2426704466342926,"y":2.1039557456970217,"z":-3.9520554542541506},"rotation":{"x":-0.17142058908939362,"y":0.07734677940607071,"z":-0.013500025495886803,"w":-0.9820656776428223},"size":0.6355732679367065,"orthographic":false}