{"cameraMode":{"drawMode":0,"name":"Shaded","section":"Shading Mode"},"sceneLighting":false,"audioPlay":false,"sceneViewState":{"m_AlwaysRefresh":false,"showFog":true,"showSkybox":false,"showFlares":true,"showImageEffects":true,"showParticleSystems":true,"showVisualEffectGraphs":true,"m_FxEnabled":true},"in2DMode":false,"pivot":{"x":-0.0000010132789611816407,"y":1.602468729019165,"z":0.15357327461242677},"rotation":{"x":-0.041097331792116168,"y":-0.9029488563537598,"z":0.08858804404735565,"w":-0.4185749888420105},"size":2.126905679702759,"orthographic":false}